project,issue_number
camel,17
camel,35
camel,52
camel,60
camel,61
camel,112
camel,115
camel,129
camel,149
camel,168
camel,184
camel,201
camel,231
camel,234
camel,251
camel,284
camel,302
camel,323
camel,345
camel,353
camel,383
camel,390
camel,457
camel,478
camel,493
camel,516
camel,554
camel,612
camel,633
camel,643
camel,649
camel,662
camel,704
camel,706
camel,707
camel,721
camel,763
camel,789
camel,808
camel,823
camel,856
camel,857
camel,870
camel,872
camel,882
camel,887
camel,903
camel,910
camel,912
camel,946
camel,948
camel,949
camel,990
camel,1014
camel,1018
camel,1068
camel,1070
camel,1107
camel,1112
camel,1123
camel,1138
camel,1143
camel,1165
camel,1173
camel,1196
camel,1228
camel,1256
camel,1257
camel,1270
camel,1298
camel,1304
camel,1317
camel,1320
camel,1387
camel,1389
camel,1400
camel,1447
camel,1481
camel,1496
camel,1507
camel,1528
camel,1539
camel,1564
camel,1576
camel,1581
camel,1608
camel,1614
camel,1622
camel,1641
camel,1648
camel,1656
camel,1660
camel,1693
camel,1694
camel,1701
camel,1734
camel,1759
camel,1773
camel,1784
camel,1842
camel,1846
camel,1851
camel,1863
camel,1881
camel,1895
camel,1901
camel,1913
camel,1923
camel,1944
camel,1996
camel,2035
camel,2046
camel,2058
camel,2071
camel,2094
camel,2141
camel,2145
camel,2163
camel,2194
camel,2213
camel,2217
camel,2309
camel,2329
camel,2354
camel,2377
camel,2413
camel,2426
camel,2430
camel,2446
camel,2449
camel,2481
camel,2503
camel,2506
camel,2512
camel,2535
camel,2546
camel,2559
camel,2617
camel,2621
camel,2633
camel,2650
camel,2670
camel,2682
camel,2690
camel,2709
camel,2722
camel,2742
camel,2746
camel,2756
camel,2758
camel,2808
camel,2814
camel,2848
camel,2850
camel,2868
camel,2879
camel,2892
camel,2901
camel,2926
camel,2940
camel,2963
camel,2972
camel,2976
camel,2979
camel,3013
camel,3027
camel,3039
camel,3041
camel,3048
camel,3050
camel,3054
camel,3057
camel,3072
camel,3077
camel,3084
camel,3100
camel,3112
camel,3118
camel,3125
camel,3139
camel,3157
camel,3160
camel,3168
camel,3203
camel,3217
camel,3287
camel,3289
camel,3298
camel,3315
camel,3336
camel,3349
camel,3351
camel,3366
camel,3376
camel,3430
camel,3440
camel,3451
camel,3461
camel,3462
camel,3469
camel,3478
camel,3490
camel,3518
camel,3524
camel,3529
camel,3541
camel,3576
camel,3597
camel,3637
camel,3660
camel,3675
camel,3677
camel,3690
camel,3709
camel,3737
camel,3764
camel,3769
camel,3775
camel,3777
camel,3816
camel,3864
camel,3875
camel,3888
camel,3967
camel,3975
camel,3990
camel,4007
camel,4037
camel,4046
camel,4132
camel,4139
camel,4144
camel,4202
camel,4226
camel,4230
camel,4240
camel,4272
camel,4273
camel,4317
camel,4331
camel,4357
camel,4398
camel,4417
camel,4430
camel,4461
camel,4470
camel,4495
camel,4499
camel,4543
camel,4546
camel,4561
camel,4593
camel,4602
camel,4607
camel,4608
camel,4657
camel,4676
camel,4733
camel,4736
camel,4741
camel,4774
camel,4793
camel,4815
camel,4826
camel,4854
camel,4871
camel,4905
camel,4928
camel,4953
camel,4958
camel,4959
camel,4993
camel,4995
camel,5008
camel,5012
camel,5045
camel,5064
camel,5068
camel,5085
camel,5184
camel,5192
camel,5206
camel,5218
camel,5222
camel,5238
camel,5342
camel,5380
camel,5383
camel,5414
camel,5442
camel,5527
camel,5543
camel,5575
camel,5586
camel,5587
camel,5689
camel,5723
camel,5763
camel,5764
camel,5768
camel,5782
camel,5805
camel,5814
camel,5852
camel,5878
camel,5950
camel,5961
camel,5983
camel,6028
camel,6038
camel,6043
camel,6057
camel,6098
camel,6104
camel,6111
camel,6128
camel,6178
camel,6188
camel,6233
camel,6273
camel,6291
camel,6296
camel,6320
camel,6332
camel,6349
camel,6383
camel,6384
camel,6400
camel,6403
camel,6446
camel,6550
camel,6563
camel,6578
camel,6579
camel,6580
camel,6593
camel,6610
camel,6618
camel,6620
camel,6623
camel,6628
camel,6635
camel,6641
camel,6650
camel,6658
camel,6661
camel,6716
camel,6735
camel,6745
camel,6774
camel,6793
camel,6809
camel,6819
camel,6826
camel,6849
camel,6880
camel,6896
camel,6933
camel,6954
camel,6962
camel,6964
camel,6973
camel,6980
camel,6981
camel,7015
camel,7016
camel,7071
camel,7106
camel,7127
camel,7133
camel,7139
camel,7150
camel,7176
camel,7177
camel,7201
camel,7208
camel,7210
camel,7215
camel,7230
camel,7244
camel,7300
camel,7304
camel,7306
camel,7313
camel,7319
camel,7342
camel,7362
camel,7367
camel,7412
camel,7413
camel,7431
camel,7456
camel,7461
camel,7479
camel,7480
camel,7530
camel,7542
camel,7559
camel,7575
camel,7587
camel,7603
camel,7624
camel,7644
camel,7681
camel,7690
camel,7693
camel,7715
camel,7721
camel,7757
camel,7788
camel,7805
camel,7813
camel,7907
camel,7909
camel,7922
camel,7923
camel,7940
camel,7954
camel,7956
camel,7970
camel,8029
camel,8036
camel,8051
camel,8068
camel,8071
camel,8091
camel,8101
camel,8120
camel,8174
camel,8210
camel,8218
camel,8226
camel,8253
camel,8254
camel,8277
camel,8312
camel,8321
camel,8328
camel,8333
camel,8337
camel,8360
camel,8370
camel,8374
camel,8397
camel,8440
camel,8441
camel,8465
camel,8495
camel,8496
camel,8497
camel,8629
camel,8633
camel,8651
camel,8688
camel,8709
camel,8734
camel,8738
camel,8780
camel,8819
camel,8844
camel,8868
camel,8879
camel,8881
camel,8900
camel,8933
camel,8940
camel,8952
camel,8993
camel,9017
camel,9029
camel,9031
camel,9039
camel,9092
camel,9114
camel,9133
camel,9151
camel,9156
camel,9164
camel,9165
camel,9169
camel,9181
camel,9200
camel,9201
camel,9205
camel,9226
camel,9236
camel,9244
camel,9248
camel,9258
camel,9312
camel,9338
camel,9357
camel,9359
camel,9367
camel,9403
camel,9412
camel,9438
camel,9486
camel,9499
camel,9540
camel,9556
camel,9575
camel,9580
camel,9594
camel,9616
camel,9621
camel,9643
camel,9689
camel,9690
camel,9709
camel,9721
camel,9752
camel,9789
camel,9812
camel,9866
camel,10009
camel,10022
camel,10033
camel,10048
camel,10060
camel,10144
camel,10153
camel,10273
camel,10291
camel,10362
camel,10376
camel,10420
camel,10444
camel,10476
camel,10477
camel,10500
camel,10507
camel,10517
camel,10563
camel,10575
camel,10629
camel,10668
camel,10678
camel,10716
camel,10758
camel,10806
camel,10924
camel,10927
camel,10950
camel,10983
camel,10996
camel,11052
camel,11104
camel,11171
camel,11196
camel,11282
camel,11299
camel,11403
camel,11408
camel,11417
camel,11504
camel,11524
camel,11534
camel,11655
camel,11734
camel,11745
camel,11840
camel,11853
camel,11868
camel,11888
camel,11995
camel,12034
camel,12042
camel,12104
camel,12166
camel,12182
camel,12216
camel,12290
camel,12291
camel,12330
camel,12399
camel,12414
camel,12443
camel,12624
camel,12625
camel,12646
camel,12713
camel,12724
camel,12744
camel,12930
camel,12958
camel,13031
camel,13111
camel,13154
camel,13203
camel,13214
camel,13406
camel,13533
camel,13637
camel,13681
camel,13682
camel,13687
camel,13700
camel,13742
camel,13866
hadoop,85
hadoop,93
hadoop,95
hadoop,98
hadoop,188
hadoop,225
hadoop,273
hadoop,285
hadoop,289
hadoop,304
hadoop,305
hadoop,376
hadoop,400
hadoop,453
hadoop,481
hadoop,507
hadoop,508
hadoop,511
hadoop,524
hadoop,537
hadoop,543
hadoop,551
hadoop,561
hadoop,564
hadoop,595
hadoop,651
hadoop,659
hadoop,680
hadoop,715
hadoop,729
hadoop,758
hadoop,829
hadoop,836
hadoop,848
hadoop,876
hadoop,920
hadoop,922
hadoop,930
hadoop,1034
hadoop,1072
hadoop,1074
hadoop,1130
hadoop,1147
hadoop,1192
hadoop,1227
hadoop,1245
hadoop,1251
hadoop,1253
hadoop,1254
hadoop,1311
hadoop,1352
hadoop,1367
hadoop,1453
hadoop,1454
hadoop,1459
hadoop,1488
hadoop,1536
hadoop,1545
hadoop,1584
hadoop,1586
hadoop,1664
hadoop,1714
hadoop,1773
hadoop,1803
hadoop,1926
hadoop,1961
hadoop,2007
hadoop,2077
hadoop,2148
hadoop,2181
hadoop,2204
hadoop,2205
hadoop,2208
hadoop,2254
hadoop,2270
hadoop,2402
hadoop,2424
hadoop,2776
hadoop,2796
hadoop,2850
hadoop,2851
hadoop,2897
hadoop,2958
hadoop,2959
hadoop,2961
hadoop,2963
hadoop,2965
hadoop,3004
hadoop,3077
hadoop,3079
hadoop,3081
hadoop,3087
hadoop,3108
hadoop,3159
hadoop,3198
hadoop,3211
hadoop,3286
hadoop,3337
hadoop,3375
hadoop,3377
hadoop,3394
hadoop,3468
hadoop,3477
hadoop,3491
hadoop,3500
hadoop,3501
hadoop,3505
hadoop,3560
hadoop,3621
hadoop,3627
hadoop,3649
hadoop,3654
hadoop,3836
hadoop,3849
hadoop,3861
hadoop,3905
hadoop,3925
hadoop,3957
hadoop,3995
hadoop,3999
hadoop,4025
hadoop,4066
hadoop,4182
hadoop,4231
hadoop,4245
hadoop,4300
hadoop,4303
hadoop,4324
hadoop,4343
hadoop,4402
hadoop,4436
hadoop,4576
hadoop,4603
hadoop,4608
hadoop,4611
hadoop,4634
hadoop,4710
hadoop,4719
hadoop,4849
hadoop,4858
hadoop,4878
hadoop,4884
hadoop,4889
hadoop,4941
hadoop,4985
hadoop,4997
hadoop,5076
hadoop,5097
hadoop,5111
hadoop,5130
hadoop,5141
hadoop,5298
hadoop,5329
hadoop,5402
hadoop,5465
hadoop,5559
hadoop,5561
hadoop,5657
hadoop,5701
hadoop,5771
hadoop,5775
hadoop,5824
hadoop,5849
hadoop,5866
hadoop,5891
hadoop,5935
hadoop,5940
hadoop,6009
hadoop,6075
hadoop,6106
hadoop,6134
hadoop,6145
hadoop,6151
hadoop,6182
hadoop,6188
hadoop,6198
hadoop,6220
hadoop,6229
hadoop,6279
hadoop,6283
hadoop,6297
hadoop,6304
hadoop,6313
hadoop,6321
hadoop,6364
hadoop,6374
hadoop,6405
hadoop,6413
hadoop,6435
hadoop,6445
hadoop,6457
hadoop,6462
hadoop,6492
hadoop,6517
hadoop,6525
hadoop,6536
hadoop,6538
hadoop,6556
hadoop,6584
hadoop,6589
hadoop,6632
hadoop,6639
hadoop,6644
hadoop,6655
hadoop,6658
hadoop,6709
hadoop,6727
hadoop,6730
hadoop,6734
hadoop,6772
hadoop,6794
hadoop,6826
hadoop,6839
hadoop,6869
hadoop,6877
hadoop,6879
hadoop,6885
hadoop,6906
hadoop,6921
hadoop,6925
hadoop,6936
hadoop,6950
hadoop,6970
hadoop,6988
hadoop,7007
hadoop,7013
hadoop,7057
hadoop,7072
hadoop,7091
hadoop,7098
hadoop,7118
hadoop,7154
hadoop,7161
hadoop,7165
hadoop,7170
hadoop,7191
hadoop,7197
hadoop,7294
hadoop,7323
hadoop,7358
hadoop,7375
hadoop,7390
hadoop,7483
hadoop,7513
hadoop,7517
hadoop,7523
hadoop,7525
hadoop,7551
hadoop,7609
hadoop,7610
hadoop,7620
hadoop,7632
hadoop,7634
hadoop,7640
hadoop,7641
hadoop,7684
hadoop,7766
hadoop,7769
hadoop,7786
hadoop,7796
hadoop,7815
hadoop,7863
hadoop,7911
hadoop,7915
hadoop,7919
hadoop,7924
hadoop,7936
hadoop,7946
hadoop,7971
hadoop,7974
hadoop,7985
hadoop,8011
hadoop,8053
hadoop,8084
hadoop,8100
hadoop,8117
hadoop,8124
hadoop,8168
hadoop,8209
hadoop,8210
hadoop,8222
hadoop,8226
hadoop,8236
hadoop,8245
hadoop,8246
hadoop,8256
hadoop,8283
hadoop,8288
hadoop,8289
hadoop,8303
hadoop,8304
hadoop,8316
hadoop,8327
hadoop,8334
hadoop,8341
hadoop,8358
hadoop,8360
hadoop,8364
hadoop,8367
hadoop,8395
hadoop,8403
hadoop,8405
hadoop,8421
hadoop,8431
hadoop,8432
hadoop,8438
hadoop,8439
hadoop,8465
hadoop,8478
hadoop,8548
hadoop,8566
hadoop,8597
hadoop,8633
hadoop,8637
hadoop,8688
hadoop,8718
hadoop,8741
hadoop,8766
hadoop,8819
hadoop,8843
hadoop,8866
hadoop,8895
hadoop,8912
hadoop,8921
hadoop,8923
hadoop,8929
hadoop,8985
hadoop,9056
hadoop,9165
hadoop,9218
hadoop,9223
hadoop,9245
hadoop,9254
hadoop,9259
hadoop,9267
hadoop,9278
hadoop,9292
hadoop,9305
hadoop,9309
hadoop,9336
hadoop,9350
hadoop,9353
hadoop,9369
hadoop,9379
hadoop,9419
hadoop,9440
hadoop,9458
hadoop,9479
hadoop,9484
hadoop,9508
hadoop,9544
hadoop,9614
hadoop,9617
hadoop,9655
hadoop,9669
hadoop,9672
hadoop,9674
hadoop,9731
hadoop,9748
hadoop,9762
hadoop,9763
hadoop,9764
hadoop,9773
hadoop,9791
hadoop,9883
hadoop,9896
hadoop,9914
hadoop,9929
hadoop,9959
hadoop,9974
hadoop,10049
hadoop,10067
hadoop,10093
hadoop,10106
hadoop,10139
hadoop,10164
hadoop,10165
hadoop,10169
hadoop,10175
hadoop,10184
hadoop,10214
hadoop,10225
hadoop,10235
hadoop,10284
hadoop,10291
hadoop,10295
hadoop,10305
hadoop,10327
hadoop,10337
hadoop,10343
hadoop,10352
hadoop,10353
hadoop,10374
hadoop,10423
hadoop,10427
hadoop,10432
hadoop,10485
hadoop,10496
hadoop,10498
hadoop,10499
hadoop,10501
hadoop,10508
hadoop,10526
hadoop,10528
hadoop,10547
hadoop,10602
hadoop,10673
hadoop,10681
hadoop,10729
hadoop,10733
hadoop,10743
hadoop,10748
hadoop,10752
hadoop,10757
hadoop,10760
hadoop,10770
hadoop,10819
hadoop,10822
hadoop,10904
hadoop,10915
hadoop,10930
hadoop,10931
hadoop,10979
hadoop,11013
hadoop,11014
hadoop,11047
hadoop,11063
hadoop,11103
hadoop,11117
hadoop,11201
hadoop,11219
hadoop,11263
hadoop,11265
hadoop,11275
hadoop,11289
hadoop,11309
hadoop,11313
hadoop,11317
hadoop,11355
hadoop,11360
hadoop,11379
hadoop,11384
hadoop,11409
hadoop,11416
hadoop,11421
hadoop,11437
hadoop,11487
hadoop,11523
hadoop,11524
hadoop,11544
hadoop,11585
hadoop,11607
hadoop,11658
hadoop,11677
hadoop,11690
hadoop,11720
hadoop,11730
hadoop,11740
hadoop,11750
hadoop,11786
hadoop,11809
hadoop,11835
hadoop,11837
hadoop,11844
hadoop,11862
hadoop,11880
hadoop,11953
hadoop,11966
hadoop,12002
hadoop,12021
hadoop,12068
hadoop,12095
hadoop,12135
hadoop,12153
hadoop,12155
hadoop,12202
hadoop,12212
hadoop,12268
hadoop,12288
hadoop,12302
hadoop,12318
hadoop,12368
hadoop,12371
hadoop,12408
hadoop,12431
hadoop,12452
hadoop,12458
hadoop,12460
hadoop,12484
hadoop,12485
hadoop,12496
hadoop,12505
hadoop,12520
hadoop,12534
hadoop,12562
hadoop,12598
hadoop,12600
hadoop,12677
hadoop,12701
hadoop,12721
hadoop,12733
hadoop,12792
hadoop,12806
hadoop,12811
hadoop,12829
hadoop,12837
hadoop,12864
hadoop,12888
hadoop,12923
hadoop,12934
hadoop,12946
hadoop,12952
hadoop,12986
hadoop,13011
hadoop,13030
hadoop,13039
hadoop,13051
hadoop,13054
hadoop,13063
hadoop,13109
hadoop,13138
hadoop,13158
hadoop,13165
hadoop,13233
hadoop,13353
hadoop,13365
hadoop,13386
hadoop,13529
hadoop,13638
hadoop,13671
hadoop,13730
hadoop,13732
hadoop,13768
hadoop,13770
hadoop,13795
hadoop,13975
hadoop,13990
hadoop,13991
hadoop,14043
hadoop,14071
hadoop,14092
hadoop,14108
hadoop,14122
hadoop,14140
hadoop,14292
hadoop,14314
hadoop,14343
hadoop,14351
hadoop,14359
hadoop,14479
hadoop,14634
hadoop,14653
hadoop,14692
hadoop,14792
hadoop,14870
hadoop,14942
hadoop,15026
hadoop,15066
hadoop,15228
hadoop,15277
hadoop,15311
hadoop,15350
hadoop,15376
hadoop,15391
hadoop,15476
hadoop,15486
hadoop,15494
hadoop,15569
hadoop,15577
hadoop,15612
hadoop,15645
hadoop,15647
hadoop,15666
hadoop,15736
hadoop,15742
hadoop,15759
hadoop,15859
hadoop,16007
hadoop,16013
hadoop,16044
hadoop,16160
hadoop,16207
hadoop,16226
hadoop,16230
hadoop,16265
hadoop,16291
hadoop,16318
hadoop,16332
hadoop,16345
hadoop,16359
hadoop,16409
hadoop,16435
hadoop,16461
hadoop,16504
hadoop,16520
hadoop,16523
hadoop,16550
hadoop,16601
hadoop,16602
hadoop,16607
hbase,21
hbase,23
hbase,76
hbase,93
hbase,154
hbase,182
hbase,203
hbase,205
hbase,206
hbase,239
hbase,274
hbase,282
hbase,325
hbase,369
hbase,396
hbase,413
hbase,414
hbase,424
hbase,426
hbase,439
hbase,459
hbase,467
hbase,492
hbase,506
hbase,568
hbase,775
hbase,798
hbase,827
hbase,847
hbase,894
hbase,980
hbase,991
hbase,998
hbase,1012
hbase,1031
hbase,1033
hbase,1039
hbase,1054
hbase,1089
hbase,1133
hbase,1165
hbase,1247
hbase,1263
hbase,1271
hbase,1282
hbase,1298
hbase,1309
hbase,1337
hbase,1343
hbase,1359
hbase,1396
hbase,1484
hbase,1492
hbase,1497
hbase,1529
hbase,1558
hbase,1592
hbase,1614
hbase,1634
hbase,1640
hbase,1655
hbase,1668
hbase,1723
hbase,1753
hbase,1770
hbase,1773
hbase,1785
hbase,1849
hbase,1863
hbase,1897
hbase,1922
hbase,1948
hbase,1964
hbase,1968
hbase,1990
hbase,2003
hbase,2035
hbase,2060
hbase,2068
hbase,2075
hbase,2085
hbase,2096
hbase,2100
hbase,2122
hbase,2133
hbase,2152
hbase,2241
hbase,2247
hbase,2263
hbase,2295
hbase,2327
hbase,2341
hbase,2412
hbase,2555
hbase,2585
hbase,2621
hbase,2657
hbase,2694
hbase,2775
hbase,2779
hbase,2795
hbase,2796
hbase,2838
hbase,2854
hbase,2886
hbase,2925
hbase,2969
hbase,3057
hbase,3072
hbase,3173
hbase,3181
hbase,3188
hbase,3228
hbase,3252
hbase,3257
hbase,3276
hbase,3324
hbase,3368
hbase,3408
hbase,3510
hbase,3528
hbase,3543
hbase,3547
hbase,3571
hbase,3597
hbase,3625
hbase,3641
hbase,3673
hbase,3696
hbase,3713
hbase,3751
hbase,3807
hbase,3840
hbase,3936
hbase,4016
hbase,4088
hbase,4116
hbase,4247
hbase,4250
hbase,4303
hbase,4311
hbase,4340
hbase,4341
hbase,4437
hbase,4459
hbase,4660
hbase,4726
hbase,4734
hbase,4740
hbase,4778
hbase,4804
hbase,4859
hbase,4864
hbase,4909
hbase,4911
hbase,5039
hbase,5052
hbase,5101
hbase,5110
hbase,5210
hbase,5217
hbase,5226
hbase,5282
hbase,5294
hbase,5329
hbase,5333
hbase,5391
hbase,5420
hbase,5466
hbase,5523
hbase,5554
hbase,5591
hbase,5595
hbase,5635
hbase,5636
hbase,5908
hbase,5958
hbase,5975
hbase,6009
hbase,6016
hbase,6050
hbase,6093
hbase,6106
hbase,6122
hbase,6151
hbase,6184
hbase,6197
hbase,6201
hbase,6214
hbase,6244
hbase,6264
hbase,6282
hbase,6405
hbase,6675
hbase,6697
hbase,6806
hbase,6835
hbase,6969
hbase,7000
hbase,7022
hbase,7074
hbase,7172
hbase,7212
hbase,7330
hbase,7604
hbase,7628
hbase,7785
hbase,7901
hbase,7933
hbase,7940
hbase,8026
hbase,8056
hbase,8089
hbase,8103
hbase,8193
hbase,8241
hbase,8256
hbase,8300
hbase,8324
hbase,8510
hbase,8527
hbase,8608
hbase,8618
hbase,8665
hbase,8800
hbase,8816
hbase,8860
hbase,8904
hbase,8993
hbase,9010
hbase,9052
hbase,9125
hbase,9131
hbase,9147
hbase,9158
hbase,9222
hbase,9231
hbase,9303
hbase,9315
hbase,9340
hbase,9355
hbase,9371
hbase,9382
hbase,9415
hbase,9425
hbase,9427
hbase,9433
hbase,9461
hbase,9479
hbase,9484
hbase,9493
hbase,9545
hbase,9651
hbase,9668
hbase,9671
hbase,9683
hbase,9689
hbase,9716
hbase,9742
hbase,9806
hbase,9893
hbase,9894
hbase,9901
hbase,9931
hbase,9950
hbase,9953
hbase,9997
hbase,10001
hbase,10008
hbase,10065
hbase,10074
hbase,10075
hbase,10081
hbase,10083
hbase,10115
hbase,10213
hbase,10334
hbase,10390
hbase,10391
hbase,10417
hbase,10456
hbase,10496
hbase,10555
hbase,10561
hbase,10562
hbase,10631
hbase,10694
hbase,10702
hbase,10741
hbase,10779
hbase,10864
hbase,10892
hbase,10899
hbase,10920
hbase,10925
hbase,10968
hbase,10981
hbase,10997
hbase,11011
hbase,11050
hbase,11053
hbase,11083
hbase,11129
hbase,11134
hbase,11174
hbase,11212
hbase,11229
hbase,11293
hbase,11352
hbase,11421
hbase,11443
hbase,11461
hbase,11511
hbase,11575
hbase,11612
hbase,11621
hbase,11650
hbase,11693
hbase,11730
hbase,11846
hbase,11863
hbase,11928
hbase,11935
hbase,12017
hbase,12030
hbase,12059
hbase,12106
hbase,12115
hbase,12211
hbase,12235
hbase,12238
hbase,12255
hbase,12266
hbase,12271
hbase,12293
hbase,12300
hbase,12400
hbase,12417
hbase,12421
hbase,12428
hbase,12464
hbase,12467
hbase,12494
hbase,12562
hbase,12647
hbase,12655
hbase,12673
hbase,12729
hbase,12749
hbase,12778
hbase,12833
hbase,12846
hbase,12888
hbase,12905
hbase,12933
hbase,12981
hbase,13155
hbase,13184
hbase,13341
hbase,13395
hbase,13455
hbase,13528
hbase,13582
hbase,13592
hbase,13629
hbase,13695
hbase,13710
hbase,13776
hbase,13799
hbase,13871
hbase,13905
hbase,13924
hbase,13928
hbase,13942
hbase,13944
hbase,13949
hbase,13973
hbase,14161
hbase,14162
hbase,14253
hbase,14325
hbase,14385
hbase,14494
hbase,14517
hbase,14579
hbase,14604
hbase,14617
hbase,14622
hbase,14677
hbase,14753
hbase,14783
hbase,14941
hbase,14956
hbase,14984
hbase,15066
hbase,15192
hbase,15207
hbase,15287
hbase,15293
hbase,15397
hbase,15490
hbase,15550
hbase,15617
hbase,15626
hbase,15640
hbase,15679
hbase,15704
hbase,15707
hbase,15732
hbase,15738
hbase,15835
hbase,15859
hbase,15892
hbase,16034
hbase,16149
hbase,16157
hbase,16182
hbase,16204
hbase,16237
hbase,16249
hbase,16253
hbase,16254
hbase,16271
hbase,16273
hbase,16472
hbase,16784
hbase,16789
hbase,16808
hbase,16817
hbase,16856
hbase,16872
hbase,16934
hbase,16998
hbase,17025
hbase,17101
hbase,17180
hbase,17184
hbase,17192
hbase,17259
hbase,17325
hbase,17338
hbase,17383
hbase,17394
hbase,17461
hbase,17480
hbase,17500
hbase,17640
hbase,17693
hbase,17709
hbase,17726
hbase,17785
hbase,17808
hbase,17883
hbase,17891
hbase,17918
hbase,17939
hbase,18085
hbase,18092
hbase,18180
hbase,18246
hbase,18304
hbase,18337
hbase,18346
hbase,18449
hbase,18501
hbase,18522
hbase,18549
hbase,18588
hbase,18596
hbase,18646
hbase,18692
hbase,18759
hbase,18788
hbase,18909
hbase,18929
hbase,19015
hbase,19031
hbase,19073
hbase,19183
hbase,19187
hbase,19241
hbase,19300
hbase,19373
hbase,19384
hbase,19478
hbase,19504
hbase,19531
hbase,19570
hbase,19574
hbase,19633
hbase,19739
hbase,19775
hbase,19815
hbase,19823
hbase,19862
hbase,19866
hbase,19939
hbase,19944
hbase,19969
hbase,19977
hbase,19991
hbase,19998
hbase,20072
hbase,20100
hbase,20108
hbase,20127
hbase,20145
hbase,20150
hbase,20241
hbase,20302
hbase,20434
hbase,20453
hbase,20487
hbase,20595
hbase,20669
hbase,20693
hbase,20696
hbase,20787
hbase,20823
hbase,20825
hbase,20975
hbase,20990
hbase,21103
hbase,21109
hbase,21160
hbase,21167
hbase,21173
hbase,21238
hbase,21269
hbase,21370
hbase,21378
hbase,21495
hbase,21502
hbase,21525
hbase,21535
hbase,21589
hbase,21599
hbase,21678
hbase,21731
hbase,21754
hbase,21755
hbase,21816
hbase,21919
hbase,22017
hbase,22028
hbase,22034
hbase,22038
hbase,22088
hbase,22174
hbase,22193
hbase,22203
hbase,22206
hbase,22213
hbase,22220
hbase,22225
hbase,22228
hbase,22307
hbase,22331
hbase,22378
hbase,22400
hbase,22424
hbase,22473
hbase,22529
hbase,22570
hbase,22656
hbase,22707
hbase,22832
hbase,22837
hbase,22869
hbase,22911
hbase,22927
hbase,22933
hbase,22936
hbase,22939
hbase,22971
hbase,22981
hbase,22995
hbase,23061
hbase,23073
hbase,23087
hbase,23200
hbase,23300
hbase,23603
hbase,23624
hbase,23646
hbase,23651
hbase,23675
hbase,23696
hbase,23752
hbase,23773
hbase,23789
hbase,23792
hbase,23825
hbase,23863
hbase,23867
hbase,24011
hbase,24051
hbase,24061
hbase,24087
hbase,24181
impala,3
impala,9
impala,35
impala,41
impala,53
impala,70
impala,72
impala,74
impala,87
impala,92
impala,96
impala,101
impala,126
impala,137
impala,139
impala,146
impala,148
impala,153
impala,173
impala,187
impala,204
impala,211
impala,231
impala,242
impala,254
impala,259
impala,265
impala,278
impala,290
impala,321
impala,322
impala,324
impala,326
impala,330
impala,332
impala,344
impala,346
impala,364
impala,367
impala,370
impala,401
impala,415
impala,418
impala,442
impala,443
impala,448
impala,457
impala,459
impala,504
impala,509
impala,530
impala,563
impala,565
impala,591
impala,596
impala,601
impala,605
impala,606
impala,608
impala,617
impala,620
impala,626
impala,636
impala,638
impala,661
impala,690
impala,710
impala,713
impala,719
impala,720
impala,730
impala,777
impala,782
impala,796
impala,800
impala,834
impala,843
impala,844
impala,902
impala,910
impala,926
impala,946
impala,963
impala,977
impala,979
impala,991
impala,1008
impala,1013
impala,1014
impala,1022
impala,1027
impala,1043
impala,1064
impala,1072
impala,1082
impala,1118
impala,1120
impala,1147
impala,1211
impala,1259
impala,1266
impala,1277
impala,1290
impala,1293
impala,1326
impala,1360
impala,1361
impala,1372
impala,1382
impala,1383
impala,1384
impala,1396
impala,1414
impala,1430
impala,1443
impala,1446
impala,1466
impala,1475
impala,1481
impala,1484
impala,1487
impala,1493
impala,1504
impala,1528
impala,1543
impala,1552
impala,1560
impala,1577
impala,1584
impala,1587
impala,1589
impala,1596
impala,1598
impala,1618
impala,1629
impala,1647
impala,1651
impala,1659
impala,1665
impala,1673
impala,1676
impala,1691
impala,1697
impala,1699
impala,1723
impala,1774
impala,1790
impala,1805
impala,1817
impala,1839
impala,1846
impala,1847
impala,1869
impala,1870
impala,1907
impala,1918
impala,1927
impala,1929
impala,1934
impala,1946
impala,1951
impala,1954
impala,1963
impala,1967
impala,1984
impala,2004
impala,2068
impala,2072
impala,2076
impala,2096
impala,2099
impala,2112
impala,2128
impala,2130
impala,2140
impala,2174
impala,2178
impala,2208
impala,2212
impala,2216
impala,2218
impala,2242
impala,2244
impala,2253
impala,2275
impala,2276
impala,2282
impala,2290
impala,2295
impala,2310
impala,2336
impala,2339
impala,2341
impala,2349
impala,2355
impala,2386
impala,2435
impala,2457
impala,2517
impala,2520
impala,2576
impala,2632
impala,2642
impala,2657
impala,2659
impala,2707
impala,2719
impala,2724
impala,2730
impala,2771
impala,2795
impala,2799
impala,2833
impala,2911
impala,2957
impala,2962
impala,3008
impala,3017
impala,3070
impala,3077
impala,3099
impala,3103
impala,3144
impala,3146
impala,3201
impala,3232
impala,3252
impala,3258
impala,3263
impala,3276
impala,3329
impala,3338
impala,3344
impala,3352
impala,3387
impala,3399
impala,3403
impala,3435
impala,3443
impala,3461
impala,3487
impala,3488
impala,3537
impala,3548
impala,3642
impala,3647
impala,3652
impala,3661
impala,3671
impala,3680
impala,3718
impala,3721
impala,3725
impala,3734
impala,3742
impala,3780
impala,3805
impala,3828
impala,3859
impala,3867
impala,3906
impala,3915
impala,3958
impala,3961
impala,3969
impala,4004
impala,4009
impala,4020
impala,4027
impala,4037
impala,4098
impala,4110
impala,4145
impala,4162
impala,4173
impala,4182
impala,4210
impala,4222
impala,4231
impala,4232
impala,4245
impala,4267
impala,4278
impala,4287
impala,4291
impala,4304
impala,4309
impala,4320
impala,4328
impala,4351
impala,4385
impala,4387
impala,4397
impala,4410
impala,4412
impala,4423
impala,4441
impala,4460
impala,4485
impala,4510
impala,4542
impala,4544
impala,4548
impala,4580
impala,4590
impala,4593
impala,4612
impala,4617
impala,4639
impala,4652
impala,4657
impala,4671
impala,4678
impala,4706
impala,4713
impala,4723
impala,4728
impala,4762
impala,4778
impala,4801
impala,4831
impala,4833
impala,4862
impala,4871
impala,4901
impala,4916
impala,4933
impala,4955
impala,4956
impala,4967
impala,4970
impala,4976
impala,4989
impala,4996
impala,5002
impala,5015
impala,5020
impala,5021
impala,5042
impala,5043
impala,5062
impala,5070
impala,5072
impala,5084
impala,5130
impala,5150
impala,5221
impala,5238
impala,5257
impala,5273
impala,5321
impala,5338
impala,5341
impala,5364
impala,5401
impala,5408
impala,5428
impala,5438
impala,5455
impala,5481
impala,5489
impala,5499
impala,5514
impala,5525
impala,5527
impala,5535
impala,5600
impala,5612
impala,5616
impala,5618
impala,5636
impala,5640
impala,5665
impala,5688
impala,5703
impala,5730
impala,5732
impala,5763
impala,5774
impala,5779
impala,5780
impala,5806
impala,5812
impala,5849
impala,5923
impala,5952
impala,5963
impala,5997
impala,5998
impala,6021
impala,6022
impala,6026
impala,6029
impala,6030
impala,6048
impala,6057
impala,6077
impala,6080
impala,6106
impala,6131
impala,6132
impala,6136
impala,6184
impala,6217
impala,6223
impala,6272
impala,6275
impala,6280
impala,6285
impala,6327
impala,6329
impala,6346
impala,6350
impala,6353
impala,6355
impala,6408
impala,6419
impala,6427
impala,6442
impala,6456
impala,6475
impala,6517
impala,6601
impala,6613
impala,6623
impala,6647
impala,6656
impala,6666
impala,6694
impala,6709
impala,6724
impala,6748
impala,6752
impala,6762
impala,6780
impala,6786
impala,6806
impala,6817
impala,6824
impala,6847
impala,6850
impala,6858
impala,6886
impala,6896
impala,6922
impala,6937
impala,6946
impala,6993
impala,6999
impala,7049
impala,7080
impala,7161
impala,7171
impala,7179
impala,7205
impala,7218
impala,7232
impala,7234
impala,7279
impala,7307
impala,7325
impala,7349
impala,7350
impala,7362
impala,7368
impala,7370
impala,7376
impala,7388
impala,7400
impala,7406
impala,7434
impala,7459
impala,7484
impala,7485
impala,7517
impala,7519
impala,7525
impala,7542
impala,7548
impala,7562
impala,7567
impala,7585
impala,7588
impala,7613
impala,7631
impala,7632
impala,7640
impala,7667
impala,7677
impala,7682
impala,7685
impala,7686
impala,7688
impala,7703
impala,7705
impala,7709
impala,7715
impala,7716
impala,7721
impala,7742
impala,7748
impala,7787
impala,7789
impala,7808
impala,7811
impala,7841
impala,7861
impala,7869
impala,7893
impala,7902
impala,7987
impala,7988
impala,8005
impala,8047
impala,8052
impala,8073
impala,8141
impala,8146
impala,8150
impala,8160
impala,8168
impala,8176
impala,8181
impala,8187
impala,8189
impala,8195
impala,8198
impala,8247
impala,8248
impala,8252
impala,8273
impala,8290
impala,8294
impala,8361
impala,8416
impala,8429
impala,8432
impala,8435
impala,8438
impala,8443
impala,8469
impala,8473
impala,8485
impala,8507
impala,8524
impala,8534
impala,8538
impala,8578
impala,8599
impala,8605
impala,8626
impala,8632
impala,8648
impala,8656
impala,8697
impala,8747
impala,8750
impala,8771
impala,8811
impala,8855
impala,8857
impala,8862
impala,8884
impala,8892
impala,8901
impala,8912
impala,8935
impala,8945
impala,8948
impala,8959
impala,9013
impala,9030
impala,9070
impala,9119
impala,9146
impala,9150
impala,9151
impala,9154
impala,9177
impala,9209
impala,9235
impala,9237
impala,9246
impala,9265
impala,9304
impala,9363
impala,9373
impala,9426
impala,9427
impala,9431
impala,9443
impala,9456
impala,9467
impala,9530
impala,9543
impala,9546
impala,9548
impala,9560
impala,9610
impala,9626
thrift,18
thrift,21
thrift,37
thrift,39
thrift,48
thrift,56
thrift,62
thrift,84
thrift,87
thrift,92
thrift,95
thrift,125
thrift,134
thrift,137
thrift,141
thrift,147
thrift,163
thrift,186
thrift,191
thrift,195
thrift,202
thrift,206
thrift,208
thrift,211
thrift,221
thrift,228
thrift,234
thrift,239
thrift,240
thrift,241
thrift,251
thrift,255
thrift,275
thrift,277
thrift,278
thrift,285
thrift,298
thrift,315
thrift,331
thrift,341
thrift,349
thrift,353
thrift,372
thrift,390
thrift,397
thrift,418
thrift,425
thrift,427
thrift,433
thrift,447
thrift,452
thrift,459
thrift,471
thrift,473
thrift,475
thrift,487
thrift,492
thrift,502
thrift,503
thrift,508
thrift,510
thrift,525
thrift,540
thrift,544
thrift,554
thrift,568
thrift,593
thrift,595
thrift,597
thrift,605
thrift,612
thrift,617
thrift,620
thrift,628
thrift,635
thrift,636
thrift,639
thrift,653
thrift,654
thrift,655
thrift,667
thrift,673
thrift,678
thrift,685
thrift,686
thrift,694
thrift,695
thrift,701
thrift,702
thrift,710
thrift,714
thrift,716
thrift,717
thrift,728
thrift,730
thrift,742
thrift,750
thrift,758
thrift,771
thrift,784
thrift,788
thrift,790
thrift,813
thrift,818
thrift,840
thrift,841
thrift,871
thrift,873
thrift,897
thrift,906
thrift,923
thrift,931
thrift,959
thrift,962
thrift,972
thrift,977
thrift,978
thrift,981
thrift,992
thrift,1003
thrift,1008
thrift,1011
thrift,1030
thrift,1048
thrift,1051
thrift,1055
thrift,1062
thrift,1063
thrift,1065
thrift,1069
thrift,1070
thrift,1071
thrift,1072
thrift,1091
thrift,1099
thrift,1100
thrift,1103
thrift,1105
thrift,1121
thrift,1122
thrift,1130
thrift,1135
thrift,1139
thrift,1141
thrift,1153
thrift,1164
thrift,1174
thrift,1176
thrift,1182
thrift,1183
thrift,1197
thrift,1198
thrift,1199
thrift,1202
thrift,1217
thrift,1231
thrift,1241
thrift,1242
thrift,1243
thrift,1246
thrift,1248
thrift,1257
thrift,1263
thrift,1269
thrift,1271
thrift,1275
thrift,1279
thrift,1283
thrift,1290
thrift,1294
thrift,1303
thrift,1311
thrift,1314
thrift,1317
thrift,1321
thrift,1333
thrift,1349
thrift,1350
thrift,1365
thrift,1367
thrift,1375
thrift,1393
thrift,1408
thrift,1413
thrift,1414
thrift,1426
thrift,1431
thrift,1440
thrift,1446
thrift,1449
thrift,1452
thrift,1466
thrift,1476
thrift,1480
thrift,1487
thrift,1503
thrift,1504
thrift,1526
thrift,1533
thrift,1541
thrift,1570
thrift,1573
thrift,1583
thrift,1584
thrift,1585
thrift,1589
thrift,1595
thrift,1624
thrift,1633
thrift,1648
thrift,1658
thrift,1661
thrift,1669
thrift,1672
thrift,1678
thrift,1688
thrift,1692
thrift,1702
thrift,1714
thrift,1717
thrift,1718
thrift,1734
thrift,1738
thrift,1745
thrift,1764
thrift,1799
thrift,1800
thrift,1808
thrift,1810
thrift,1813
thrift,1819
thrift,1821
thrift,1829
thrift,1837
thrift,1842
thrift,1845
thrift,1853
thrift,1862
thrift,1867
thrift,1873
thrift,1879
thrift,1883
thrift,1886
thrift,1896
thrift,1904
thrift,1913
thrift,1918
thrift,1919
thrift,1920
thrift,1924
thrift,1926
thrift,1932
thrift,1943
thrift,1953
thrift,1982
thrift,1990
thrift,1999
thrift,2003
thrift,2006
thrift,2017
thrift,2020
thrift,2021
thrift,2025
thrift,2028
thrift,2031
thrift,2032
thrift,2044
thrift,2050
thrift,2051
thrift,2072
thrift,2074
thrift,2088
thrift,2097
thrift,2114
thrift,2116
thrift,2124
thrift,2130
thrift,2141
thrift,2143
thrift,2147
thrift,2149
thrift,2150
thrift,2165
thrift,2171
thrift,2173
thrift,2184
thrift,2187
thrift,2191
thrift,2210
thrift,2214
thrift,2225
thrift,2227
thrift,2240
thrift,2246
thrift,2255
thrift,2262
thrift,2263
thrift,2276
thrift,2279
thrift,2280
thrift,2285
thrift,2290
thrift,2292
thrift,2293
thrift,2296
thrift,2297
thrift,2328
thrift,2329
thrift,2333
thrift,2337
thrift,2344
thrift,2346
thrift,2351
thrift,2354
thrift,2367
thrift,2375
thrift,2377
thrift,2382
thrift,2385
thrift,2397
thrift,2404
thrift,2405
thrift,2407
thrift,2415
thrift,2416
thrift,2422
thrift,2431
thrift,2433
thrift,2435
thrift,2449
thrift,2450
thrift,2454
thrift,2483
thrift,2487
thrift,2508
thrift,2510
thrift,2511
thrift,2540
thrift,2543
thrift,2545
thrift,2546
thrift,2547
thrift,2555
thrift,2557
thrift,2561
thrift,2568
thrift,2572
thrift,2573
thrift,2574
thrift,2588
thrift,2589
thrift,2590
thrift,2599
thrift,2605
thrift,2606
thrift,2607
thrift,2609
thrift,2622
thrift,2627
thrift,2636
thrift,2659
thrift,2662
thrift,2666
thrift,2667
thrift,2677
thrift,2702
thrift,2703
thrift,2706
thrift,2707
thrift,2741
thrift,2752
thrift,2759
thrift,2761
thrift,2768
thrift,2781
thrift,2785
thrift,2788
thrift,2791
thrift,2833
thrift,2851
thrift,2853
thrift,2868
thrift,2874
thrift,2879
thrift,2881
thrift,2890
thrift,2907
thrift,2932
thrift,2937
thrift,2942
thrift,2953
thrift,2961
thrift,2969
thrift,2972
thrift,2991
thrift,3007
thrift,3011
thrift,3027
thrift,3040
thrift,3045
thrift,3047
thrift,3052
thrift,3088
thrift,3098
thrift,3104
thrift,3114
thrift,3140
thrift,3157
thrift,3168
thrift,3179
thrift,3191
thrift,3197
thrift,3206
thrift,3207
thrift,3226
thrift,3232
thrift,3241
thrift,3248
thrift,3255
thrift,3274
thrift,3276
thrift,3280
thrift,3283
thrift,3286
thrift,3297
thrift,3311
thrift,3320
thrift,3324
thrift,3349
thrift,3354
thrift,3364
thrift,3365
thrift,3390
thrift,3391
thrift,3406
thrift,3409
thrift,3413
thrift,3415
thrift,3416
thrift,3419
thrift,3423
thrift,3438
thrift,3440
thrift,3441
thrift,3444
thrift,3445
thrift,3447
thrift,3483
thrift,3495
thrift,3512
thrift,3535
thrift,3553
thrift,3554
thrift,3559
thrift,3571
thrift,3572
thrift,3592
thrift,3596
thrift,3598
thrift,3605
thrift,3617
thrift,3619
thrift,3634
thrift,3637
thrift,3642
thrift,3665
thrift,3667
thrift,3668
thrift,3681
thrift,3683
thrift,3688
thrift,3689
thrift,3702
thrift,3704
thrift,3708
thrift,3710
thrift,3722
thrift,3731
thrift,3733
thrift,3744
thrift,3747
thrift,3751
thrift,3755
thrift,3760
thrift,3832
thrift,3839
thrift,3841
thrift,3844
thrift,3864
thrift,3868
thrift,3887
thrift,3905
thrift,3907
thrift,3910
thrift,3941
thrift,3944
thrift,3948
thrift,3957
thrift,3962
thrift,3981
thrift,3983
thrift,4014
thrift,4015
thrift,4023
thrift,4030
thrift,4043
thrift,4048
thrift,4051
thrift,4054
thrift,4069
thrift,4078
thrift,4089
thrift,4120
thrift,4129
thrift,4130
thrift,4131
thrift,4136
thrift,4164
thrift,4177
thrift,4202
thrift,4205
thrift,4211
thrift,4212
thrift,4224
thrift,4230
thrift,4231
thrift,4234
thrift,4235
thrift,4245
thrift,4256
thrift,4264
thrift,4275
thrift,4284
thrift,4294
thrift,4308
thrift,4316
thrift,4320
thrift,4321
thrift,4337
thrift,4361
thrift,4362
thrift,4367
thrift,4369
thrift,4380
thrift,4381
thrift,4416
thrift,4419
thrift,4422
thrift,4427
thrift,4437
thrift,4442
thrift,4443
thrift,4446
thrift,4468
thrift,4485
thrift,4498
thrift,4517
thrift,4543
thrift,4545
thrift,4546
thrift,4559
thrift,4604
thrift,4609
thrift,4616
thrift,4671
thrift,4715
thrift,4737
thrift,4745
thrift,4756
thrift,4759
thrift,4822
thrift,4825
thrift,4829
thrift,4830
thrift,4837
thrift,4843
thrift,4851
thrift,4855
thrift,4857
thrift,4862
thrift,4863
thrift,4882
thrift,4886
thrift,4897
thrift,4898
thrift,4947
thrift,4949
thrift,4953
thrift,4958
thrift,4968
thrift,5002
thrift,5010
thrift,5033
thrift,5048
thrift,5085
thrift,5091
thrift,5100
thrift,5120
thrift,5152
thrift,5172
